,Recall,F1,ROC-AUC,Accuracy
XGBoost,0.6155878467635403,0.24899812984237243,0.6423968075384474,0.585683403753562
Logistic Regression,0.07617789520035227,0.10155562078074552,0.5715238698371443,0.8496118699027219
LightGBM,0.02686041391457508,0.0505804311774461,0.667786022049655,0.8874914021813894
Random Forest,0.022016732716864818,0.04093327875562833,0.6238859987386798,0.8848874914021814
